audio_path	language	perturbation	severity	reference	hypothesis	latency_s	wer_sample	cer_sample	category	root	ref_len	hyp_len	len_ratio
data/processed/fleurs_perturbed/fr_064__reverb_room0.5.wav	fr	reverb	0.5	en 1990 il a été ajouté à la liste des sites du patrimoine mondial en danger en raison de la menace des sables du désert	 Au lieu de se faire tomber, on a eu quitter l'intérieur de la ville de la ville de la ville de la ville de la ville de la ville de la ville de la ville de la ville de la ville de la ville de la ville de la ville de la ville de la ville de la ville de la ville de la ville de la ville de la ville de la ville de la ville de la ville de la ville de la ville de la ville de la ville de la ville de la ville de la ville de la ville de la ville de la ville de la ville de la ville de la ville de la ville de la ville de la ville de la ville de la ville de la ville de la ville de la ville de la ville de la ville de la ville de la ville de la ville de la ville de la ville de la ville de la ville de la ville de la ville de la ville de la ville de la ville de la ville de la ville de la ville de la ville de la ville de la ville de la ville de la ville de la ville de la ville de la ville de la	5.87465855299979	8.68	6.816666666666666	⚫ Catastrophique	fr_064	25	221	8.84
data/processed/fleurs_perturbed/fr_031__white_noise_snr15.wav	fr	white_noise	15.0	aux femmes il est recommandé à toute femme qui voyage de dire qu'elle est mariée quel que soit son état civil	 Il est recommandé à toute femme qui voyage de 10 à 20 milliers de milliers de milliers de milliers de milliers de milliers de milliers de milliers de milliers de milliers de milliers de milliers de milliers de milliers de milliers de milliers de milliers de milliers de milliers de milliers de milliers de milliers de milliers de milliers de milliers de milliers de milliers de milliers de milliers de milliers de milliers de milliers de milliers de milliers de milliers de milliers de milliers de milliers de milliers de milliers de milliers de milliers de milliers de milliers de milliers de milliers de milliers de milliers de milliers de milliers de milliers de milliers de milliers de milliers de milliers de milliers de milliers de milliers de milliers de milliers de milliers de milliers de milliers de milliers de milliers de milliers de milliers de milliers de milliers de milliers de mill	5.072080421999999	6.636363636363637	7.5963302752293576	⚫ Catastrophique	fr_031	22	153	6.954545454545454
data/processed/fleurs_perturbed/ar_000__reverb_room0.5.wav	ar	reverb	0.5	تشكلت في المحيط الأطلسي اليوم عاشر عاصفة مُسماة لموسم الأعاصير الأطلسية العاصفة شبه الاستوائية جيري	 تشتت تشتت تشتت تشتت تشتت تشتت تشتت تشتت تشتت تشتت تشتت تشتت تشتت تشتت تشتت تشتت تشتت تشتت تشتت تشتت تشتت تشتت تشتت تشتت تشتت تشتت تشتت تشتت تشتت تشتت تشتت تشتت تشتت تشتت تشتت تشتت تشتت تشتت تشتت تشتت تشتت تشتت تشتت تشتت تشتت تشتت تشتت تشتت تشتت تشتت تشتت تشتت تشتت تشتت تشتت تشتت ت	6.082778542999904	3.8	2.6363636363636362	⚫ Catastrophique	ar_000	15	57	3.8
data/processed/fleurs_perturbed/fr_058__white_noise_snr5.wav	fr	white_noise	5.0	tous les noms suivis du mot sie qui signifie vous commencent toujours par une majuscule même au milieu d'une phrase	 Tous les noms, Suji, Suji, Suji, Suji, Suji, Suji, Suji, Suji, Suji, Suji, Suji, Suji, Suji, Suji, Suji, Suji, Suji, Suji, Suji, Suji, Suji, Suji, Suji, Suji, Suji, Suji, Suji, Suji, Suji, Suji, Suji, Suji, Suji, Suji, Suji, Suji, Suji, Suji, Suji, Suji, Suji, Suji, Suji, Suji, Suji, Suji, Suji, Suji, Suji, Suji, Suji, Suji, Suji, Suji, Suji, Suji, Suji, Suji, Suji, Suji, Suji, Suji, Suji, Suji, Suji, Suji, Suji, Suji, Suji, Suji, Suji, Suji, Suji, Su	5.843373736999638	3.5238095238095237	2.773913043478261	⚫ Catastrophique	fr_058	21	77	3.6666666666666665
data/processed/fleurs_perturbed/fr_045__reverb_room0.5.wav	fr	reverb	0.5	rolando mendoza tira avec son fusil m16 sur les touristes	 Quand on a des choses à faire, on fait qu'il y a des choses sur lesquelles on doit se faire.	0.7161495059999652	2.0	1.1228070175438596	⚫ Catastrophique	fr_045	10	21	2.1
data/processed/fleurs_perturbed/fr_024__white_noise_snr5.wav	fr	white_noise	5.0	martelly a intronisé hier un nouveau conseil électoral provisoire cep composé de neuf membres	 La fin de la vidéo est terminée, j'espère que vous avez apprécié la vidéo et que vous avez apprécié la vidéo.	0.8110178499991889	1.5714285714285714	0.8924731182795699	⚫ Catastrophique	fr_024	14	22	1.5714285714285714
data/processed/fleurs_perturbed/fr_061__white_noise_snr5.wav	fr	white_noise	5.0	d'après le u.s. corps of engineers une pluviométrie de 6 pouces pourrait ouvrir une brèche dans les digues précédemment endommagées	 Et là il est tout à l'heure enjoué, à son tour il me fait des cibouces pour lui aider à me faire aller du coup qu'il a mal à me faire.	1.200372446000074	1.5	0.7307692307692307	⚫ Catastrophique	fr_061	22	33	1.5
data/processed/fleurs_perturbed/fr_072__reverb_room0.5.wav	fr	reverb	0.5	les lions sont les chats les plus sociables vivant en grands groupes appelés meutes	 Il est possible que ce soit un peu plus simple, mais on a besoin de faire de l'argent.	0.8889480099996945	1.2857142857142858	0.7228915662650602	⚫ Catastrophique	fr_072	14	19	1.3571428571428572
data/processed/fleurs_perturbed/ar_028__reverb_room0.5.wav	ar	reverb	0.5	فكر في مسار التزلج على الجليد باعتباره مسارًا مماثل للمشي لمسافات طويلة	 كيف بصارة تزامب عال الدليل بل تضالين بصارة من بيتر بلمشي من سفات انتبه	1.0556261280000854	1.1666666666666667	0.5915492957746479	⚫ Catastrophique	ar_028	12	14	1.1666666666666667
data/processed/fleurs_perturbed/fr_026__reverb_room0.5.wav	fr	reverb	0.5	les plantes revêtent leur plus belle apparence lorsqu'elles se trouvent dans un environnement naturel alors résistez à la tentation d'en retirer ne serait-ce qu'« une seule »	 Il est bon de révéler ce qu'on peut dire de bonnes choses, mais c'est aussi important de se mettre en action. On est très attentifs à notre civilisation, à notre ressource culturelle.	1.2461835630001588	1.1379310344827587	0.7352941176470589	⚫ Catastrophique	fr_026	29	34	1.1724137931034482
data/processed/fleurs_perturbed/fr_045__white_noise_snr5.wav	fr	white_noise	5.0	rolando mendoza tira avec son fusil m16 sur les touristes	 C'est un peu comme si tu avais un fils sur les doigts.	0.5385851040000489	1.1	0.6140350877192983	⚫ Catastrophique	fr_045	10	13	1.3
data/processed/fleurs_perturbed/fr_022__reverb_room0.5.wav	fr	reverb	0.5	danielle lantagne experte de l'onu sur la maladie a déclaré que l'épidémie avait probablement été causée par les casques bleus	 Le bataillon de la Tagne est expert de l'homogène sur le terrain avec l'air que le pied de route a un commandement déguisé par le casque bleu.	1.090567094999642	1.0909090909090908	0.5396825396825397	⚫ Catastrophique	fr_022	22	29	1.3181818181818181
data/processed/fleurs_perturbed/ar_056__reverb_room0.5.wav	ar	reverb	0.5	"في 15 آب 1940، غزا الحلفاء جنوب فرنسا، وسُمِّيَ الغَزْوُ بـ""عملية دراغون"	 كما مستوصلت قبل، قلت لسامية ردعيين غازة كالفرسيك في فرنسا وصامية غازة عملية في جرمون	1.34920163400011	1.0769230769230769	0.875	⚫ Catastrophique	ar_056	13	15	1.1538461538461537
data/processed/fleurs_perturbed/fr_088__reverb_room0.5.wav	fr	reverb	0.5	une recherche sur internet de « cours en environnement hostile » fournira probablement l'adresse d'une entreprise locale	 Je suis plus sur le terrain et de coups, il y a des remboursiers, il faudra trouver le nom et l'adresse d'une entreprise locale.	0.9956413549998616	1.0588235294117647	0.47413793103448276	⚫ Catastrophique	fr_088	17	26	1.5294117647058822
data/processed/fleurs_perturbed/fr_002__speed_spd1.1.wav	fr	speed	1.1	il a ajouté qu’« on ne devrait cependant pas leur demander d’assumer des obligations qui dépassent leur stade de développement leur responsabilité et leurs capacités. »	 Et ajouter qu'on nous donne un souci d'un certain nombre d'emplois et d'un certain nombre de personnes qui n'est pas sur scène de développement, de responsabilité et de capacité.	1.1797559990000082	1.0384615384615385	0.5460122699386503	⚫ Catastrophique	fr_002	26	34	1.3076923076923077
data/processed/fleurs_perturbed/ar_009__reverb_room0.5.wav	ar	reverb	0.5	بصفته رياضيّاً شاملاً، يمكن للنّمر التّسلق وإن لم يكن ذلك بشكلٍ جيد والسّباحة والقفز لمسافاتٍ طويلةٍ والسّحب بقوّة خمسة أضعاف قوّة الإنسان	 بسبب الوضع الشعنينة ونكو للنمو التصنع وإن تأتي المشاكل القادمة والسباق أو الطنس لماسيطات طويلة والسعن بقوة خمسة أو عوض قوة من سنين	2.067398613000023	1.0	0.5144927536231884	⚫ Catastrophique	ar_009	22	23	1.0454545454545454
data/processed/fleurs_perturbed/ar_031__reverb_room0.5.wav	ar	reverb	0.5	بينما انحدرت المعرفة لدى اليونانيين وجد الغرب نفسه معزولاً عن جذوره الفلسفية والعلمية اليونانية	 دمان حربة المعرفة إذا تكون مليئين وإذا بغاروا نفسهم معذورا عن ميزوج الفلسطفية على الجيل المليئين	1.358595024000124	1.0	0.5263157894736842	⚫ Catastrophique	ar_031	14	16	1.1428571428571428
data/processed/fleurs_perturbed/ar_033__reverb_room0.5.wav	ar	reverb	0.5	يشتهر أهل باريس بالأنانية والوقاحة والغطرسة	 يشتئ الآن بمعيز بإمانية ووقحة واطرصة	0.7000858179999341	1.0	0.4418604651162791	⚫ Catastrophique	ar_033	6	6	1.0
data/processed/fleurs_perturbed/ar_040__reverb_room0.5.wav	ar	reverb	0.5	أوضحت أبحاث القرن العشرين وجود مجموعتين من التنوعات الچينية:- مجموعة مستترة وأخرى ظاهرة	 او دعم الأحياسة قريب العشرين وقرنا من عتل منتن وعدل الجنيني مجموعة مستفادة واخرى زميرة	1.3293491969998286	1.0	0.47058823529411764	⚫ Catastrophique	ar_040	13	15	1.1538461538461537
data/processed/fleurs_perturbed/ar_044__white_noise_snr5.wav	ar	white_noise	5.0	لا يفكر العديد فيها باعتبارها ديناصورات لأن لديها ريشًا ويمكنها الطيران	 يفكر العبيد بأنه يعتبره بيان الصورات لأنه لديه رشن ويمكنه التيران	1.138354991000142	1.0	0.323943661971831	⚫ Catastrophique	ar_044	11	11	1.0
